{
    "accuracy": 90.81,
    "loss": 0.3361370573937893,
    "processing_time": null,
    "evaluation_time": 0.4814729690551758,
    "timestamp": "2025-05-09T12:39:53.686734",
    "additional_metrics": {}
}