{
    "accuracy": 10.73,
    "loss": 2.3197280822753905,
    "processing_time": 10.5,
    "evaluation_time": 0.6285741329193115,
    "timestamp": "2025-05-14T19:33:06.036073",
    "additional_metrics": {
        "custom_metric_1": 0.95,
        "custom_metric_2": [
            1,
            2,
            3,
            4
        ],
        "confusion_matrix": [
            [
                240,
                11,
                151,
                212,
                94,
                4,
                27,
                203,
                38,
                0
            ],
            [
                7,
                330,
                136,
                76,
                6,
                6,
                217,
                105,
                245,
                7
            ],
            [
                104,
                324,
                28,
                78,
                93,
                4,
                100,
                192,
                54,
                55
            ],
            [
                184,
                81,
                24,
                24,
                47,
                0,
                10,
                557,
                71,
                12
            ],
            [
                53,
                212,
                28,
                374,
                80,
                0,
                83,
                126,
                26,
                0
            ],
            [
                143,
                25,
                44,
                231,
                63,
                15,
                70,
                259,
                35,
                7
            ],
            [
                28,
                84,
                37,
                316,
                173,
                0,
                195,
                88,
                19,
                18
            ],
            [
                41,
                266,
                30,
                311,
                41,
                2,
                127,
                105,
                91,
                14
            ],
            [
                93,
                104,
                43,
                60,
                147,
                11,
                57,
                389,
                54,
                16
            ],
            [
                29,
                433,
                78,
                120,
                35,
                1,
                107,
                162,
                42,
                2
            ]
        ],
        "per_class_metrics": {
            "precision": [
                0.2603036876355748,
                0.17647058823529413,
                0.04674457429048414,
                0.013318534961154272,
                0.10269576379974327,
                0.3488372093023256,
                0.19637462235649547,
                0.04803293687099726,
                0.08,
                0.015267175572519083
            ],
            "recall": [
                0.24489795918367346,
                0.2907488986784141,
                0.027131782945736434,
                0.023762376237623763,
                0.0814663951120163,
                0.016816143497757848,
                0.2035490605427975,
                0.10214007782101167,
                0.055441478439425054,
                0.0019821605550049554
            ],
            "f1_score": [
                0.25236593059936907,
                0.21963394342762066,
                0.034334763948497854,
                0.017069701280227594,
                0.09085746734809767,
                0.03208556149732621,
                0.1998974884674526,
                0.06533914125700062,
                0.06549423893268648,
                0.003508771929824562
            ]
        }
    }
}