{
    "accuracy": 10.55,
    "loss": 2.3313096591949463,
    "processing_time": 10.5,
    "evaluation_time": 0.6370174884796143,
    "timestamp": "2025-05-10T19:41:40.963571",
    "additional_metrics": {
        "custom_metric_1": 0.95,
        "custom_metric_2": [
            1,
            2,
            3,
            4
        ],
        "confusion_matrix": [
            [
                2,
                5,
                83,
                5,
                373,
                22,
                45,
                6,
                5,
                434
            ],
            [
                21,
                51,
                0,
                0,
                220,
                0,
                286,
                1,
                26,
                530
            ],
            [
                3,
                1,
                95,
                2,
                101,
                3,
                24,
                11,
                120,
                672
            ],
            [
                10,
                2,
                48,
                0,
                105,
                1,
                14,
                0,
                67,
                763
            ],
            [
                6,
                1,
                59,
                21,
                19,
                19,
                34,
                59,
                5,
                759
            ],
            [
                24,
                10,
                52,
                4,
                101,
                5,
                13,
                4,
                9,
                670
            ],
            [
                8,
                3,
                28,
                4,
                72,
                13,
                17,
                9,
                6,
                798
            ],
            [
                48,
                5,
                58,
                39,
                16,
                0,
                213,
                11,
                2,
                636
            ],
            [
                9,
                26,
                17,
                3,
                215,
                5,
                7,
                5,
                36,
                651
            ],
            [
                37,
                0,
                12,
                9,
                18,
                0,
                42,
                70,
                2,
                819
            ]
        ],
        "per_class_metrics": {
            "precision": [
                0.011904761904761904,
                0.49038461538461536,
                0.21017699115044247,
                0.0,
                0.01532258064516129,
                0.07352941176470588,
                0.02446043165467626,
                0.0625,
                0.12949640287769784,
                0.12165775401069519
            ],
            "recall": [
                0.0020408163265306124,
                0.044933920704845816,
                0.09205426356589147,
                0.0,
                0.019348268839103868,
                0.005605381165919282,
                0.017745302713987474,
                0.010700389105058366,
                0.03696098562628337,
                0.8116947472745293
            ],
            "f1_score": [
                0.0034843205574912896,
                0.08232445520581114,
                0.1280323450134771,
                0.0,
                0.0171017101710171,
                0.010416666666666666,
                0.020568663036902603,
                0.018272425249169433,
                0.05750798722044728,
                0.21160056840201524
            ]
        }
    }
}