{
    "accuracy": 4.42,
    "loss": 2.327606550979614,
    "processing_time": 10.5,
    "evaluation_time": 0.5850136280059814,
    "timestamp": "2025-05-10T19:40:28.722327",
    "additional_metrics": {
        "custom_metric_1": 0.95,
        "custom_metric_2": [
            1,
            2,
            3,
            4
        ],
        "confusion_matrix": [
            [
                238,
                3,
                10,
                46,
                261,
                1,
                2,
                405,
                9,
                5
            ],
            [
                502,
                9,
                157,
                7,
                14,
                0,
                435,
                4,
                7,
                0
            ],
            [
                528,
                6,
                17,
                40,
                98,
                0,
                250,
                83,
                10,
                0
            ],
            [
                551,
                2,
                27,
                42,
                50,
                1,
                105,
                170,
                44,
                18
            ],
            [
                262,
                5,
                17,
                148,
                31,
                12,
                501,
                0,
                4,
                2
            ],
            [
                198,
                2,
                11,
                51,
                228,
                2,
                77,
                260,
                44,
                19
            ],
            [
                577,
                4,
                2,
                85,
                62,
                6,
                67,
                110,
                45,
                0
            ],
            [
                271,
                6,
                49,
                9,
                9,
                1,
                666,
                3,
                9,
                5
            ],
            [
                534,
                0,
                5,
                45,
                77,
                1,
                277,
                12,
                22,
                1
            ],
            [
                188,
                3,
                19,
                126,
                23,
                2,
                628,
                4,
                5,
                11
            ]
        ],
        "per_class_metrics": {
            "precision": [
                0.061834242660431284,
                0.225,
                0.054140127388535034,
                0.07011686143572621,
                0.03634232121922626,
                0.07692307692307693,
                0.022273936170212765,
                0.0028544243577545195,
                0.11055276381909548,
                0.18032786885245902
            ],
            "recall": [
                0.24285714285714285,
                0.007929515418502203,
                0.016472868217054265,
                0.041584158415841586,
                0.031568228105906315,
                0.002242152466367713,
                0.06993736951983298,
                0.0029182879377431907,
                0.022587268993839837,
                0.010901883052527254
            ],
            "f1_score": [
                0.09857113273969767,
                0.015319148936170214,
                0.02526002971768202,
                0.052206339341205714,
                0.033787465940054495,
                0.004357298474945533,
                0.033787191124558746,
                0.0028860028860028856,
                0.03751065643648764,
                0.020560747663551402
            ]
        }
    }
}